timestamp,username,user_type,prompt_number,user_prompt,ai_response
2025-10-25T14:09:10.039401,limited1,limited,1,Help me brainstorm ideas for an essay about climate change,"Okay, I can definitely help with that! Climate change is a huge topic, so let's break it down. To start, what specifically about climate change interests you the most?  Are you thinking about:

1.  **The causes of climate change?** (e.g., greenhouse gases, deforestation, industrial processes)
2.  **The effects of climate change?** (e.g., rising sea levels, extreme weather, impacts on ecosystems)
3.  **Solutions to climate change?** (e.g., renewable energy, carbon capture, policy changes)
4.  **The social or political aspects of climate change?** (e.g., climate justice, international agreements, public opinion)

Once you pick a general area, we can brainstorm some more specific ideas."
2025-10-25T14:09:35.804539,limited1,limited,2,What's a good structure for a research paper?,"Okay, I can definitely help with that! Here's a common and effective structure for a research paper. Keep in mind that the specific requirements may vary depending on your field of study and your instructor's guidelines, so always double-check those first.

**General Structure:**

1.  **Title Page:**
    *   Includes the title of your paper, your name, and your institution.

2.  **Abstract:**
    *   A brief summary of your research (usually 150-250 words).
    *   States the purpose, methods, key findings, and conclusions of your paper.
    *   Write this *after* you've completed the rest of the paper.

3.  **Introduction:**
    *   **Purpose:** Introduce the topic, provide background information, and state your research question or thesis statement.
    *   **Content:**
        *   Start with a hook to grab the reader's attention.
        *   Provide context and background information on the topic.
        *   State your research question or thesis statement clearly.
        *   Briefly outline the structure of your paper.

4.  **Literature Review:**
    *   **Purpose:** Summarize and synthesize existing research on your topic.
    *   **Content:**
        *   Identify key themes and debates in the existing literature.
        *   Critically evaluate the strengths and weaknesses of previous studies.
        *   Show how your research builds upon or departs from existing work.
        *   Demonstrate how your research addresses a gap in the literature.

5.  **Methods:**
    *   **Purpose:** Describe how you conducted your research.
    *   **Content:**
        *   Describe your research design (e.g., experiment, survey, case study).
        *   Explain your data collection methods.
        *   Describe your data analysis techniques.
        *   Discuss any limitations of your methods.
        *   Ensure this section is clear and detailed enough for others to replicate your study.

6.  **Results:**
    *   **Purpose:** Present the findings of your research.
    *   **Content:**
        *   Present your data in a clear and concise manner, using tables and figures where appropriate.
        *   Describe the key trends and patterns in your data.
        *   Avoid interpreting the results in this section; save that for the discussion section.

7.  **Discussion:**
    *   **Purpose:** Interpret your findings and explain their significance.
    *   **Content:**
        *   Summarize your key findings.
        *   Explain the implications of your findings in relation to the existing literature.
        *   Discuss the limitations of your study.
        *   Suggest directions for future research.

8.  **Conclusion:**
    *   **Purpose:** Summarize your main points and provide a final perspective on your research.
    *   **Content:**
        *   Restate your thesis statement in light of your findings.
        *   Summarize the key takeaways from your research.
        *   Offer a final thought or call to action.

9.  **References:**
    *   A complete list of all the sources you cited in your paper.
    *   Follow a specific citation style (e.g., APA, MLA, Chicago).

**Things to Consider:**

*   **Flexibility:** This is a general template, so feel free to adapt it to fit the specific needs of your research.
*   **Clarity and Conciseness:** Write in a clear and concise style, avoiding jargon and unnecessary complexity.
*   **Evidence-Based:** Support your claims with evidence from your research and from the existing literature.
*   **Organization:** Use headings and subheadings to organize your paper and make it easy to read.
*   **Proofreading:** Proofread carefully for grammar, spelling, and punctuation errors.

I hope this helps! Let me know if you have any more questions.
"
2025-10-25T14:09:56.212858,limited1,limited,3,Give me tips for writing an introduction,"Okay, I can definitely help with that! Introductions can be tricky, but here's a breakdown of tips and things to consider:

**General Goals of an Introduction:**

*   **Grab the reader's attention:** You want them to *want* to keep reading.
*   **Provide context/background:** Briefly set the stage for your topic.
*   **State your thesis statement:** Clearly present the main argument or point of your work.
*   **Give a roadmap:** Briefly outline the main points you'll be discussing (optional, but often helpful).

**Strategies for Starting Strong:**

*   **Ask a compelling question:** This immediately engages the reader. Make sure it's relevant to your topic and something you'll address.
*   **Share a relevant anecdote or brief story:** Personal stories can be very engaging.
*   **Use a vivid image or description:** Paint a picture with words to draw the reader in.
*   **State an interesting fact or statistic:** This can be a powerful way to highlight the importance of your topic.
*   **Provide a thought-provoking quote:** Choose a quote that relates to your argument.
*   **Start with a general statement of the topic:** This is a more straightforward approach, but can be effective if done well.

**Things to Avoid:**

*   **Being too broad or vague:** Get to the point relatively quickly.
*   **Using clichés:** Try to be original in your approach.
*   **Apologizing for your writing:** (""I'm not an expert, but..."")
*   **Simply restating the assignment prompt.**

**Key Questions to Ask Yourself:**

*   What is the main point I want to get across? (This is your thesis!)
*   What background information does the reader need to understand my argument?
*   What is the most interesting or engaging way to introduce this topic?

What is the topic you're writing about? Knowing that will help me give you more specific advice!
"
2025-10-25T14:10:51.974602,unlimited1,unlimited,1,Help me brainstorm ideas for an essay about climate change,"Okay, I can definitely help you brainstorm some ideas for your essay on climate change! To get started, let's think about the different aspects of climate change you could focus on. Here are some general categories to get us going:

1.  **Causes of Climate Change:**
    *   What are the primary human activities that contribute to climate change?
    *   What role do natural processes play?

2.  **Effects of Climate Change:**
    *   How is climate change impacting different regions around the world?
    *   What are the consequences for ecosystems and biodiversity?
    *   What are the social and economic impacts?

3.  **Solutions to Climate Change:**
    *   What are some potential technological solutions?
    *   What policy changes could be implemented to mitigate climate change?
    *   What individual actions can people take to reduce their carbon footprint?

4.  **Specific Examples and Case Studies:**
    *   Are there any particular events or situations that illustrate the effects of climate change? (e.g., melting glaciers, extreme weather events)
    *   Are there any countries or communities that are particularly vulnerable to climate change?
    *   Are there any success stories of climate change mitigation or adaptation?

To help you narrow down your focus, which of these categories interests you the most? Or is there a specific angle you want to take on the topic?"
2025-10-25T17:01:33.591657,limited1,limited,1,What makes a good thesis statement,"A good thesis statement should be clear, concise, and arguable.

Ask yourself these questions:
*   Does it make a claim that others might dispute?
*   Is it focused enough to be thoroughly explored in an essay?
*   Is it easily identifiable, usually located in the introduction?

If you can answer ""yes"" to all three, you likely have a strong thesis!
"
2025-10-25T17:01:50.997491,limited1,limited,2,what are some high paying jobs,"Okay, let's explore some high-paying jobs. To give you the best suggestions, what are you most interested in? (e.g., business, science, creative fields, working with people, working with data, etc.)

In general, here are a few areas known for high salaries:

*   **Medical Fields:** Doctors, surgeons, specialists
*   **Technology:** Software engineers, data scientists, AI specialists
*   **Finance:** Investment bankers, financial analysts, hedge fund managers
*   **Management:** Executives, CEOs, marketing managers
*   **Legal:** Lawyers, judges

What kind of education or training are you willing to pursue? This will greatly impact your options."
2025-10-25T17:02:35.631800,unlimited1,unlimited,1,what are some fun classes to take in college,"That's a great question! ""Fun"" really depends on your interests, but here are a few ideas to get you started:

*   **Creative Arts:** Improv, pottery, creative writing, film studies, photography.
*   **Active Classes:** Yoga, dance, rock climbing, martial arts, surfing.
*   **Unique Academics:** Astronomy, culinary arts, wine tasting, mythology, game theory.

To help me narrow it down, what subjects do you enjoy? What are you hoping to get out of a ""fun"" class? For example, are you looking to relax, be creative, learn a new skill, or something else?
"
2025-10-25T17:04:08.933967,limited2,limited,1,name three cities in France,"Okay, here are three cities in France:

1.  Paris
2.  Marseille
3.  Lyon
"
2025-10-25T17:04:23.861143,limited2,limited,2,name 3 states in the US,"Okay, here are three states in the US:

1.  California
2.  Texas
3.  Florida
"
2025-10-25T17:04:40.042011,limited2,limited,3,What are some high paying jobs,"Okay, let's explore some high-paying jobs. To give you the best suggestions, what are you most interested in? For example, are you interested in jobs that require a lot of education or jobs that you can start training for right away?

Here are a few general categories to get us started:

*   **Medical:** Doctors, surgeons, specialists
*   **Technology:** Software engineers, data scientists, AI specialists
*   **Finance:** Financial analysts, investment bankers, hedge fund managers
*   **Management:** CEOs, marketing managers, project managers

Which of these areas appeals to you most? Or is there something else you're curious about?"
2025-10-26T14:16:10.940286,limited1,limited,1,what is good sentence structre,"Good sentence structure involves clear, concise, and grammatically correct sentences. Here are some tips:

*   **Subject-verb agreement:** Make sure your subject and verb match in number (singular/plural).
*   **Clear subject and verb:** Ensure the main subject and verb of the sentence are easily identifiable.
*   **Use active voice:** In most cases, active voice makes your writing more direct and easier to understand.
*   **Avoid run-on sentences and comma splices:** Break up long sentences or use proper punctuation.
*   **Vary sentence length:** Mix short and long sentences to keep your writing interesting.

Do you have a specific type of sentence structure you'd like to discuss? Perhaps simple, compound, complex, or compound-complex sentences?
"
